{
    "x001":
    {
        "lt": 30.0427448,
        "ln": -17.8388992
    },
    "x002":
    {
        "lt": 30.0427448,
        "ln": -17.8388992
    }
}